<?xml version="1.0" encoding="UTF-8"?>

<configuration>
	<jmxConfigurator />
	<substitutionProperty name="LOG_HOME" value="./logs" />
	<timestamp key="bySecond" datePattern="yyyyMMdd'T'HHmmss"/>

	<appender name="consoleAppender" class="ch.qos.logback.core.ConsoleAppender">
		<filter class="ch.qos.logback.classic.filter.ThresholdFilter">
			<level>DEBUG</level>
		</filter>
		<encoder charset="UTF-8">
			<pattern>%d{yyyy-MM-dd HH:mm:ss SSS} %highlight([%p]) %c{30} - %m%n</pattern>
		</encoder>
	</appender>

	<appender name="debugFileAppender" class="ch.qos.logback.core.FileAppender">
		<file>${LOG_HOME}/mobile.debug.log</file>
		<append>false</append>
		<filter class="ch.qos.logback.classic.filter.ThresholdFilter">
			<level>DEBUG</level>
		</filter>
		<encoder charset="UTF-8">
			<pattern>%d{yyyy-MM-dd HH:mm:ss SSS} [%-3p] %c{3} - %m%n</pattern>
		</encoder>
	</appender>

	<appender name="infoFileDailyAppender" class="ch.qos.logback.core.rolling.RollingFileAppender">
		<rollingPolicy class="ch.qos.logback.core.rolling.TimeBasedRollingPolicy">
			<fileNamePattern>${LOG_HOME}/mobile.%d{yyyy-MM-dd}.log</fileNamePattern>
			<maxHistory>60</maxHistory>
		</rollingPolicy>
		<filter class="ch.qos.logback.classic.filter.ThresholdFilter">
			<level>INFO</level>
		</filter>
		<encoder charset="UTF-8">
			<pattern>%d{yyyy-MM-dd HH:mm:ss SSS} [%-3p] %c{3} - %m%n</pattern>
		</encoder>
	</appender>

	<appender name="errorFileDailyAppender" class="ch.qos.logback.core.rolling.RollingFileAppender">
		<rollingPolicy class="ch.qos.logback.core.rolling.TimeBasedRollingPolicy">
			<fileNamePattern>${LOG_HOME}/mobile.%d{yyyy-MM-dd}.error.log</fileNamePattern>
			<maxHistory>60</maxHistory>
		</rollingPolicy>
		<filter class="ch.qos.logback.classic.filter.ThresholdFilter">
			<level>ERROR</level>
		</filter>
		<encoder charset="UTF-8">
			<pattern>%d{yyyy-MM-dd HH:mm:ss SSS} [%-3p] %c{3} - %m%n</pattern>
		</encoder>
	</appender>

	<root level="DEBUG">
		<appender-ref ref="consoleAppender" />
		<appender-ref ref="debugFileAppender" />
	</root>

	<logger name="ch.qos.logback" level="DEBUG" />
	<logger name="org.springframework" level="DEBUG" />
	<logger name="org.apache.http" level="WARN" />
	<logger name="org.openqa.selenium" level="WARN" />
	<logger name="com.sun.jersey" level="WARN" />

	<logger name="com.lu" level="DEBUG">
		<appender-ref ref="infoFileDailyAppender" />
		<appender-ref ref="errorFileDailyAppender" />
	</logger>

	<logger name="com.lu.mobile.automation.test">
		<level value="INFO" />
	</logger>

</configuration>

