<?xml version="1.0" encoding="UTF-8"?>
<!DOCTYPE suite SYSTEM "http://testng.org/testng-1.0.dtd">
<suite name="Custom suite" configfailurepolicy="skip">
    <test verbose="1" name="androidui" annotations="JDK">
        <classes>
            <class name="com.lu.mobileat.demo.TestDemo">
                <methods>
                    <include name="test1"/>
                    <include name="test2"/>
                    <include name="test3"/>
                </methods>
            </class>
        </classes>
    </test>
</suite>