<?xml version="1.0" encoding="UTF-8"?>
<!DOCTYPE suite SYSTEM "http://testng.org/testng-1.0.dtd">
<suite name="Custom suite" configfailurepolicy="skip">
    <test verbose="1" name="androidui" annotations="JDK">
        <classes>
            <!--com.lu.mobileat.common.basic================================================================-->
            <!--<class name="com.lu.mobileat.common.basic.TestInstallation">-->
                <!--<methods>-->
                    <!--<include name="testReinstall"/>-->
                <!--</methods>-->
            <!--</class>-->

            <class name="com.lu.mobileat.common.basic.TestLogin">
                <methods>
                    <include name="testLoginOut"/>
                    <include name="testLoginByGesture"/>
                </methods>
            </class>
            <!--com.lu.mobileat.common.more================================================================-->
            <class name="com.lu.mobileat.common.more.TestAbout">
                <methods>
                    <include name="testAboutPage"/>
                </methods>
            </class>

            <class name="com.lu.mobileat.common.more.TestForwardGift">
                <methods>
                    <include name="TestForwardGift"/>
                </methods>
            </class>
            <class name="com.lu.mobileat.common.more.TestMembership">
                <methods>
                    <include name="testMembership"/>
                </methods>
            </class>
            <class name="com.lu.mobileat.common.more.TestMore">
                <methods>
                    <include name="testInvitation"/>
                </methods>
            </class>
            <!--com.lu.mobileat.common.myaccount================================================================-->
            <class name="com.lu.mobileat.common.myaccount.TestMyAccount">
                <methods>
                    <include name="testMyAccountInfo"/>
                    <include name="testRefreshTradePwd"/>
                </methods>
            </class>

            <class name="com.lu.mobileat.common.myaccount.TestRecharge">
                <methods>
                    <include name="testRecharge"/>
                </methods>
            </class>
            <class name="com.lu.mobileat.common.myaccount.TestRegisterUser">
                <methods>
                    <include name="TestRegisterUser"/>
                    <include name="TestRegisterUserWithAuthentication"/>
                </methods>
            </class>
            <class name="com.lu.mobileat.common.myaccount.TestWithdraw">
                <methods>
                    <include name="testWithdraw"/>
                </methods>
            </class>

            <!--com.lu.mobileat.common.home================================================================-->
            <class name="com.lu.mobileat.common.home.TestHomePage">
                <methods>
                    <include name="testBanner"/>
                    <include name="testRecommendProductNewbie"/>
                    <include name="testQuickProductHuoqi"/>
                    <include name="testQuickProductThreeMonth"/>
                    <include name="testQuickProductSixMonth"/>
                    <include name="testQuickProductYear"/>
                    <include name="testQuickProductLongPeriod"/>
                </methods>
            </class>

            <!--com.lu.mobileat.common.myinvest================================================================-->
            <class name="com.lu.mobileat.common.myinvest.TestFuyinbaobaoInvestment">
                <methods>
                    <include name="testAddFuyinbaobao"/>
                    <include name="testRedemptionFuyinbaobao"/>
                </methods>
            </class>
            <class name="com.lu.mobileat.common.myinvest.TestLinghuobaoInvestment">
                <methods>
                    <include name="testAddLinghuobao"/>
                    <include name="testRedemptionLinghuobao"/>
                </methods>
            </class>
            <class name="com.lu.mobileat.common.myinvest.TestZhinengbaoInvestment">
                <methods>
                    <include name="testAddZhinengbao"/>
                    <include name="testRedemptionZhinengbao"/>
                </methods>
            </class>
            <class name="com.lu.mobileat.common.myinvest.TestFundInvestment">
                <methods>
                    <include name="testAddFund"/>
                    <include name="testRedemptionFund"/>
                </methods>
            </class>
            <class name="com.lu.mobileat.common.myinvest.TestCash">
                <methods>
                    <include name="testCashCaihong"/>
                    <include name="testCashAnxin"/>
                    <include name="testCashCaifuhui"/>
                </methods>
            </class>
            <class name="com.lu.mobileat.common.myinvest.TestTransfer">
                <methods>
                    <include name="testTransferCaihong"/>
                    <include name="testTransferAnxin"/>
                    <include name="testTransferCaifuhui"/>
                </methods>
            </class>

            <!--com.lu.mobileat.common.invest================================================================-->
            <class name="com.lu.mobileat.common.invest.TestDingqiList">
                <methods>
                    <include name="testClickFilter"/>
                </methods>
            </class>
            <class name="com.lu.mobileat.common.invest.TestHuoqiList">
                <methods>
                    <include name="testCheckPlate"/>
                </methods>
            </class>
            <class name="com.lu.mobileat.common.invest.TestP2PList">
                <methods>
                    <include name="testClick"/>
                </methods>
            </class>
            <class name="com.lu.mobileat.common.invest.TestVIPList">
                <methods>
                    <include name="testClickFilter"/>
                </methods>
            </class>
            <class name="com.lu.mobileat.common.invest.TestProductNumber">
                <methods>
                    <include name="testNumber"/>
                </methods>
            </class>

            <class name="com.lu.mobileat.common.invest.TestHuoqi">
            </class>

            <class name="com.lu.mobileat.common.invest.TestP2P">
            </class>

            <class name="com.lu.mobileat.common.invest.TestDingqiInsurance">
            </class>

            <class name="com.lu.mobileat.common.invest.TestDingqi">
            </class>

            <class name="com.lu.mobileat.common.invest.TestGaoduanLicai">
            </class>

            <class name="com.lu.mobileat.common.invest.TestNewbieArea">
            </class>

            <class name="com.lu.mobileat.common.invest.TestVIP">
            </class>

            <class name="com.lu.mobileat.common.invest.TestVIPExclusiveInvestProduct">
            </class>


            <!--com.lu.mobileat.common.vip================================================================-->



            <!--抓抓流程  换购流程  竞拍流程  暂时不执行-->
            <!--<class name="com.lu.mobileat.common.vip.TestAuction">-->
                <!--<methods>-->
                    <!--<include name="testAuction"/>-->
                <!--</methods>-->
            <!--</class>-->
            <!--<class name="com.lu.mobileat.common.vip.TestExchange">-->
                <!--<methods>-->
                    <!--<include name="testExchange"/>-->
                <!--</methods>-->
            <!--</class>-->
            <!--<class name="com.lu.mobileat.common.vip.TestScratch">-->
                <!--<methods>-->
                    <!--<include name="testScratch"/>-->
                <!--</methods>-->
            <!--</class>-->


            <!--<class name="com.lu.mobileat.common.vip.TestMyCurrency">-->
                <!--<methods>-->
                    <!--<include name="testMyCurrency"/>-->
                <!--</methods>-->
            <!--</class>-->

            <!--<class name="com.lu.mobileat.common.vip.TestMyOrder">-->
                <!--<methods>-->
                    <!--<include name="testMyOrder"/>-->
                <!--</methods>-->
            <!--</class>-->

            <!--<class name="com.lu.mobileat.common.vip.TestProductList">-->
                <!--<methods>-->
                    <!--<include name="testCategory"/>-->
                    <!--<include name="testSort"/>-->
                    <!--<include name="testFilter"/>-->
                <!--</methods>-->
            <!--</class>-->

            <!--<class name="com.lu.mobileat.common.vip.TestSearch">-->
                <!--<methods>-->
                    <!--<include name="testSearch"/>-->
                <!--</methods>-->
            <!--</class>-->

            <!--<class name="com.lu.mobileat.common.vip.TestSigin">-->
                <!--<methods>-->
                    <!--<include name="testSigin"/>-->
                    <!--<include name="testLeftSigin"/>-->
                <!--</methods>-->
            <!--</class>-->

            <!--<class name="com.lu.mobileat.common.vip.TestVipClub">-->
                <!--<methods>-->
                    <!--<include name="testTop"/>-->
                <!--</methods>-->
            <!--</class>-->
            

        </classes>
    </test>
</suite>