<?xml version="1.0" encoding="UTF-8"?>
<!DOCTYPE suite SYSTEM "http://testng.org/testng-1.0.dtd">
<suite name="Custom suite" configfailurepolicy="skip">
    <test verbose="1" name="androidui" annotations="JDK">
        <classes>

            <class name="com.lu.mobileat.ops.TestOnlineMonitor">
                <methods>
                    <include name="testMyAccountInfo"/>
                    <include name="testInvestment"/>
                    <include name="testLinghuobao"/>
                    <include name="testInsurance"/>
                </methods>
            </class>

        </classes>
    </test>
</suite>