<?xml version="1.0" encoding="UTF-8"?>
<!DOCTYPE suite SYSTEM "http://testng.org/testng-1.0.dtd">
<suite name="Custom suite" configfailurepolicy="skip">
    <test verbose="1" name="androidui" annotations="JDK">
        <classes>

            <!--基本功能-->
            <class name="com.lu.mobileat.common.basic.TestLogin">
                <methods>
                    <include name="testLoginOut"/>
                    <include name="testLoginByGesture"/>
                </methods>
            </class>

            <!--首页-->
            <class name="com.lu.mobileat.common.home.TestHomePage">
                <methods>
                    <include name="testRecommendProductNewbie"/>
                    <include name="testQuickProductHuoqi"/>
                    <include name="testQuickProductThreeMonth"/>
                    <include name="testQuickProductSixMonth"/>
                    <include name="testQuickProductYear"/>
                    <include name="testQuickProductLongPeriod"/>
                </methods>
            </class>

            <!--投资-->
            <class name="com.lu.mobileat.common.invest.TestDingqiInsurance">
                <methods>
                    <include name="testJunKanglife"/>
                    <include name="testHuaXialife"/>
                    <include name="testBaiNianlife"/>
                    <!--<include name="testHeZhonglife"/>-->
                </methods>
            </class>

            <!--<class name="com.lu.mobileat.common.myinvest.TestZhinengbaoInvestment">-->
                <!--<methods>-->
                    <!--<include name="testAddZhinengbao"/>-->
                    <!--<include name="testRedemptionZhinengbao"/>-->
                <!--</methods>-->
            <!--</class>-->

            <class name="com.lu.mobileat.common.invest.TestHuoqi">
                <methods>
                    <include name="testPurchaseLinghuobao"/>
                    <include name="testPurchaseZhinengbao"/>
                </methods>
            </class>

            <!--我的账户-->
            <class name="com.lu.mobileat.common.myaccount.TestMyAccount">
                <methods>
                    <include name="testMyAccountInfo"/>
                    <include name="testRefreshTradePwd"/>
                    <include name="testMyInvestProject"/>
                </methods>
            </class>

            <class name="com.lu.mobileat.common.myaccount.TestRecharge">
                <methods>
                    <include name="testRecharge"/>
                </methods>
            </class>
            <class name="com.lu.mobileat.common.myaccount.TestRegisterUser">
                <methods>
                    <include name="TestRegisterUser"/>
                    <include name="TestRegisterUserWithAuthentication"/>
                </methods>
            </class>
            <!--<class name="com.lu.mobileat.common.myaccount.TestWithdraw">-->
                <!--<methods>-->
                    <!--<include name="testWithdraw"/>-->
                <!--</methods>-->
            <!--</class>-->

            <!--更多-->
            <class name="com.lu.mobileat.common.more.TestAbout">
                <methods>
                    <include name="testAboutPage"/>
                </methods>
            </class>

            <class name="com.lu.mobileat.common.more.TestMore">
                <methods>
                    <include name="testInvitation"/>
                </methods>
            </class>
            <class name="com.lu.mobileat.common.more.TestForwardGift">
                <methods>
                    <include name="TestForwardGift"/>
                </methods>
            </class>
            <class name="com.lu.mobileat.common.more.TestMembership">
                <methods>
                    <include name="testMembership"/>
                </methods>
            </class>

        </classes>
    </test>
</suite>