<?xml version="1.0" encoding="UTF-8"?>
<!DOCTYPE suite SYSTEM "http://testng.org/testng-1.0.dtd">
<suite name="Custom suite" configfailurepolicy="skip">
    <test verbose="1" name="androidui" annotations="JDK">
        <classes>

            <!--om.lu.mobileat.common.basic================================================================-->
            <!--<class name="com.lu.mobileat.common.basic.TestInstallation">-->
            <!--<methods>-->
            <!--<include name="testReinstall"/>-->
            <!--</methods>-->
            <!--</class>-->

            <class name="com.lu.mobileat.common.basic.TestLogin">
                <methods>
                    <include name="testLoginOut"/>
                    <include name="testLoginByGesture"/>
                </methods>
            </class>
            <!--om.lu.mobileat.common.more================================================================-->
            <class name="com.lu.mobileat.common.more.TestAbout">
                <methods>
                    <include name="testAboutPage"/>
                </methods>
            </class>

            <class name="com.lu.mobileat.common.more.TestForwardGift">
                <methods>
                    <include name="TestForwardGift"/>
                </methods>
            </class>
            <class name="com.lu.mobileat.common.more.TestMembership">
                <methods>
                    <include name="testMembership"/>
                </methods>
            </class>
            <class name="com.lu.mobileat.common.more.TestMore">
                <methods>
                    <include name="testInvitation"/>
                </methods>
            </class>
            <!--om.lu.mobileat.common.myaccount================================================================-->
            <class name="com.lu.mobileat.common.myaccount.TestMyAccount">
                <methods>
                    <include name="testMyAccountInfo"/>
                    <include name="testRefreshTradePwd"/>
                </methods>
            </class>

            <class name="com.lu.mobileat.common.myaccount.TestRecharge">
                <methods>
                    <include name="testRecharge"/>
                </methods>
            </class>
            <class name="com.lu.mobileat.common.myaccount.TestRegisterUser">
                <methods>
                    <include name="TestRegisterUser"/>
                    <include name="TestRegisterUserWithAuthentication"/>
                </methods>
            </class>
            <class name="com.lu.mobileat.common.myaccount.TestWithdraw">
                <methods>
                    <include name="testWithdraw"/>
                </methods>
            </class>

            <!--om.lu.mobileat.common.home================================================================-->
            <class name="com.lu.mobileat.common.home.TestHomePage">
                <methods>
                    <include name="testBanner"/>
                    <include name="testRecommendProductNewbie"/>
                    <include name="testQuickProductHuoqi"/>
                    <include name="testQuickProductThreeMonth"/>
                    <include name="testQuickProductSixMonth"/>
                    <include name="testQuickProductYear"/>
                    <include name="testQuickProductLongPeriod"/>
                </methods>
            </class>


        </classes>
    </test>
</suite>