<?xml version="1.0" encoding="UTF-8"?>
<!DOCTYPE suite SYSTEM "http://testng.org/testng-1.0.dtd">
<suite name="Custom suite" configfailurepolicy="skip">
    <test verbose="1" name="androidui" annotations="JDK">
        <classes>
            <!--om.lu.mobileat.common.basic================================================================-->
            <!--<class name="com.lu.mobileat.common.basic.TestInstallation">-->
                <!--<methods>-->
                    <!--<include name="testReinstall"/>-->
                <!--</methods>-->
            <!--</class>-->

            <!--<class name="com.lu.mobileat.common.basic.TestLogin">-->
                <!--<methods>-->
                    <!--<include name="testLoginOut"/>-->
                    <!--<include name="testLoginByGesture"/>-->
                <!--</methods>-->
            <!--</class>-->
            <!--&lt;!&ndash;om.lu.mobileat.common.more================================================================&ndash;&gt;-->
            <!--<class name="com.lu.mobileat.common.more.TestAbout">-->
                <!--<methods>-->
                    <!--<include name="testAboutPage"/>-->
                <!--</methods>-->
            <!--</class>-->

            <!--<class name="com.lu.mobileat.common.more.TestForwardGift">-->
                <!--<methods>-->
                    <!--<include name="TestForwardGift"/>-->
                <!--</methods>-->
            <!--</class>-->
            <!--<class name="com.lu.mobileat.common.more.TestMembership">-->
                <!--<methods>-->
                    <!--<include name="testMembership"/>-->
                <!--</methods>-->
            <!--</class>-->
            <!--<class name="com.lu.mobileat.common.more.TestMore">-->
                <!--<methods>-->
                    <!--<include name="testInvitation"/>-->
                <!--</methods>-->
            <!--</class>-->
            <!--&lt;!&ndash;om.lu.mobileat.common.myaccount================================================================&ndash;&gt;-->
            <!--<class name="com.lu.mobileat.common.myaccount.TestMyAccount">-->
                <!--<methods>-->
                    <!--<include name="testMyAccountInfo"/>-->
                    <!--<include name="testRefreshTradePwd"/>-->
                <!--</methods>-->
            <!--</class>-->

            <!--<class name="com.lu.mobileat.common.myaccount.TestRecharge">-->
                <!--<methods>-->
                    <!--<include name="testRecharge"/>-->
                <!--</methods>-->
            <!--</class>-->
            <!--<class name="com.lu.mobileat.common.myaccount.TestRegisterUser">-->
                <!--<methods>-->
                    <!--<include name="TestRegisterUser"/>-->
                <!--</methods>-->
            <!--</class>-->
            <!--<class name="com.lu.mobileat.common.myaccount.TestWithdraw">-->
                <!--<methods>-->
                    <!--<include name="testWithdraw"/>-->
                <!--</methods>-->
            <!--</class>-->

            <!--&lt;!&ndash;om.lu.mobileat.common.home================================================================&ndash;&gt;-->
            <!--<class name="com.lu.mobileat.common.home.TestHomePage">-->
                <!--<methods>-->
                    <!--<include name="testBanner"/>-->
                    <!--<include name="testRecommendProductNewbie"/>-->
                    <!--<include name="testQuickProductHuoqi"/>-->
                    <!--<include name="testQuickProductYear"/>-->
                    <!--<include name="testQuickProductLongPeriod"/>-->
                <!--</methods>-->
            <!--</class>-->

            <!--om.lu.mobileat.common.invest================================================================-->
            <!--<class name="com.lu.mobileat.common.invest.TestDingqiList">-->
                <!--<methods>-->
                    <!--<include name="testClickFilter"/>-->
                <!--</methods>-->
            <!--</class>-->
            <!--<class name="com.lu.mobileat.common.invest.TestHuoqiList">-->
                <!--<methods>-->
                    <!--<include name="testCheckPlate"/>-->
                <!--</methods>-->
            <!--</class>-->
            <!--<class name="com.lu.mobileat.common.invest.TestP2PList">-->
                <!--<methods>-->
                    <!--<include name="testClick"/>-->
                <!--</methods>-->
            <!--</class>-->
            <!--<class name="com.lu.mobileat.common.invest.TestVIPList">-->
                <!--<methods>-->
                    <!--<include name="testClickFilter"/>-->
                <!--</methods>-->
            <!--</class>-->
            <!--<class name="com.lu.mobileat.common.invest.TestProductNumber">-->
                <!--<methods>-->
                    <!--<include name="testNumber"/>-->
                <!--</methods>-->
            <!--</class>-->

            <!--com.lu.mobileat.common.myinvest================================================================-->
            <class name="com.lu.mobileat.common.myinvest.TestFuyinbaobaoInvestment">
                <methods>
                    <include name="testAddFuyinbaobao"/>
                    <include name="testRedemptionFuyinbaobao"/>
                </methods>
            </class>
            <class name="com.lu.mobileat.common.myinvest.TestLinghuobaoInvestment">
                <methods>
                    <include name="testAddLinghuobao"/>
                    <include name="testRedemptionLinghuobao"/>
                </methods>
            </class>
            <class name="com.lu.mobileat.common.myinvest.TestZhinengbaoInvestment">
                <methods>
                    <include name="testAddZhinengbao"/>
                    <include name="testRedemptionZhinengbao"/>
                </methods>
            </class>
            <!--<class name="com.lu.mobileat.common.myinvest.TestCash">-->
                <!--<methods>-->
                    <!--<include name="testCashCaihong"/>-->
                    <!--<include name="testCashAnxin"/>-->
                    <!--<include name="testCashCaifuhui"/>-->
                <!--</methods>-->
            <!--</class>-->
            <!--<class name="com.lu.mobileat.common.myinvest.TestTransfer">-->
                <!--<methods>-->
                    <!--<include name="testTransferCaihong"/>-->
                    <!--<include name="testTransferAnxin"/>-->
                    <!--<include name="testTransferCaifuhui"/>-->
                <!--</methods>-->
            <!--</class>-->

            <!--<class name="com.lu.mobileat.common.invest.TestHuoqi">-->
                <!--<methods>-->
                    <!--<include name="testPurchaseLinghuobao"/>-->
                    <!--<include name="testPurchaseZhinengbao"/>-->
                    <!--<include name="testInvestDingqiLinghuobao"/>-->

                <!--</methods>-->
            <!--</class>-->
            <!--<class name="com.lu.mobileat.common.invest.TestP2P">-->
                <!--<methods>-->
                    <!--<include name="testP2P"/>-->
                <!--</methods>-->
            <!--</class>-->



        </classes>
    </test>
</suite>