<?xml version="1.0" encoding="UTF-8"?>
<beans xmlns="http://www.springframework.org/schema/beans"
       xmlns:xsi="http://www.w3.org/2001/XMLSchema-instance"
       xmlns:context="http://www.springframework.org/schema/context"
       xmlns:aop="http://www.springframework.org/schema/aop"
       xsi:schemaLocation="http://www.springframework.org/schema/beans http://www.springframework.org/schema/beans/spring-beans-2.5.xsd     http://www.springframework.org/schema/context http://www.springframework.org/schema/context/spring-context-2.5.xsd   http://www.springframework.org/schema/aop http://www.springframework.org/schema/aop/spring-aop-2.0.xsd"
       default-lazy-init="true">

    <aop:aspectj-autoproxy/>

    <context:annotation-config />
    <!-- 使用annotation 自动注册bean,并检查@Required,@Autowired的属性已被注入 -->
    <context:component-scan base-package="com.lufax.laf.app"
                            name-generator="com.lufax.laf.core.spring.context.QualifiedBeanNameGenerator" />
    <context:component-scan base-package="com.lufax.laf.biz"
                            name-generator="com.lufax.laf.core.spring.context.QualifiedBeanNameGenerator" />
    <context:component-scan base-package="com.lufax.laf.entity"
                            name-generator="com.lufax.laf.core.spring.context.QualifiedBeanNameGenerator" />
    <context:component-scan base-package="com.lufax.laf.cases"
                            name-generator="com.lufax.laf.core.spring.context.QualifiedBeanNameGenerator" />
    <context:component-scan base-package="com.lufax.laf.core.spring.aop"
                            name-generator="com.lufax.laf.core.spring.context.QualifiedBeanNameGenerator"/>
    <context:component-scan base-package="com.lufax.laf.base.dao"
                            name-generator="com.lufax.laf.core.spring.context.QualifiedBeanNameGenerator" />

    <bean id="testExecutionInfo" class="com.lufax.laf.core.testng.TestExecutionInfo" />
    <bean id="testExecutionInfoListener" class="com.lufax.laf.core.testng.listener.TestExecutionInfoListener">
        <property name="testExecutionInfo" ref="testExecutionInfo" />
    </bean>
    <bean id="testngListenersWrapper" class="com.lufax.laf.core.testng.listener.ListenersWrapper">
        <property name="listeners">
            <list>
                <ref bean="testExecutionInfoListener" />
            </list>
        </property>
    </bean>

    <bean id="redisCacheConfig" class="com.lufax.kernel.cache.redis.RedisCacheConfig">
        <constructor-arg index="0" value="${SESSION_APP_REDIS_SENTINELS_URL}"/> <!-- sentinel集群地址，格式： ip:port;ip:port;ip:port... -->
        <constructor-arg index="1" value="${SESSION_APP_REDIS_MASTER_NAME}"/> <!-- sentinel在sentinel.conf里面配置的masterName，代表一组redis实例  -->
        <constructor-arg index="2" value="${SESSION_APP_REDIS_PREFIX}"/>     <!--  缓存key前缀，根据业务场景设置，比如session可以将前缀设为session -->
        <property name="password" value="${SESSION_APP_REDIS_PWD}" />    <!-- redis密码，默认没有密码 -->
        <!-- 以下参数选填 -->
        <property name="timeout" value="2000" /> <!-- 请求超时时间，单位毫秒，默认2秒 -->
        <property name="maxTotal" value="10" />  <!-- 连接池最大连接数，默认10 -->
        <property name="maxIdel" value="8" />    <!-- 连接池最大空闲连接数，默认8 -->
        <property name="minIdel" value="2" />    <!-- 连接池最小连接数，默认2 -->
        <property name="blockWhenExhausted" value="true" />  <!-- 连接池满时是否等待，默认等待（true） -->
        <property name="maxWaitMillis" value="5000" />       <!-- 连接池满时的等待时间，单位毫秒，默认5秒 -->
        <property name="lifo" value="false" />               <!-- 是否使用lifo队列管理连接，默认不使用（false）-->
        <property name="testOnBorrow" value="false" />       <!-- 是否在获取连接时测试可用性，默认不使用（false）-->
        <property name="testOnReturn" value="false" />       <!-- 是否在归还连接时测试可用性，默认不使用（false）-->
        <property name="testWhileIdle" value="true" />       <!-- 是否在连接空闲时测试可用性，默认使用（true）-->
        <property name="timeBetweenEvictionRunsMillis" value="30000" /> <!-- 多久测试空闲连接，单位毫秒，默认30秒 -->
        <property name="numTestsPerEvictionRun" value="-1" />           <!-- 每次测试的空闲连接数量，默认不限制（-1）-->
        <property name="minEvictableIdleTimeMillis" value="60000" />    <!-- 连接空闲多久被认为idle，单位毫秒，默认60秒 -->
    </bean>

    <bean class="com.lufax.laf.core.mq.MqSender" />
    <bean class="com.lufax.laf.core.config.AppConfigUtil" />

    <!--<import resource="file:src/main/webapp/WEB-INF/applicationContext.xml" />-->
    <bean id="catJerseyClientFilter" class="com.lufax.kernel.jersey.CatJerseyClientFilter" >
    </bean>

    <bean id="JijinAppEnum.HUITIANFU" class="org.springframework.beans.factory.config.FieldRetrievingFactoryBean">
        <property name="staticField" value="com.lufax.laf.app.jijinapp.JijinAppEnum.HUITIANFU" />
    </bean>
    <bean id="JijinAppMocker.HUITIANFU" class="com.lufax.laf.app.jijinapp.JijinAppMocker">
        <constructor-arg index="0" ref="JijinAppEnum.HUITIANFU" />
    </bean>

    <bean id="JijinAppEnum.LFEX" class="org.springframework.beans.factory.config.FieldRetrievingFactoryBean">
        <property name="staticField" value="com.lufax.laf.app.jijinapp.JijinAppEnum.LFEX" />
    </bean>
    <bean id="JijinAppMocker.LFEX" class="com.lufax.laf.app.jijinapp.JijinAppMocker">
        <constructor-arg index="0" ref="JijinAppEnum.LFEX" />
    </bean>

    <bean id="JijinAppEnum.YIFANGDA" class="org.springframework.beans.factory.config.FieldRetrievingFactoryBean">
        <property name="staticField" value="com.lufax.laf.app.jijinapp.JijinAppEnum.YIFANGDA" />
    </bean>
    <bean id="JijinAppMocker.YIFANGDA" class="com.lufax.laf.app.jijinapp.JijinAppMocker">
        <constructor-arg index="0" ref="JijinAppEnum.YIFANGDA" />
    </bean>

    <bean id="JijinAppEnum.DH" class="org.springframework.beans.factory.config.FieldRetrievingFactoryBean">
        <property name="staticField" value="com.lufax.laf.app.jijinapp.JijinAppEnum.DH" />
    </bean>
    <bean id="JijinAppMocker.DH" class="com.lufax.laf.app.jijinapp.JijinAppMocker">
        <constructor-arg index="0" ref="JijinAppEnum.DH" />
    </bean>

    <bean id="callHost" class="com.lufax.jersey.client.JerseyHost">
        <property name="hostURI" value=""/>
    </bean>
    <bean id="jerseyServiceForApp" class="com.lufax.jersey.client.JerseyService">
        <constructor-arg index="0" ref="callHost"/>
        <property name="clientFilterList">
            <list>
                <ref bean="catJerseyClientFilter"/>
            </list>
        </property>
    </bean>

</beans>