<?xml version="1.0" encoding="UTF-8"?>
<beans xmlns="http://www.springframework.org/schema/beans"
       xmlns:context="http://www.springframework.org/schema/context"
       xmlns:xsi="http://www.w3.org/2001/XMLSchema-instance"
       xsi:schemaLocation="http://www.springframework.org/schema/beans
       http://www.springframework.org/schema/beans/spring-beans.xsd
       http://www.springframework.org/schema/context
       http://www.springframework.org/schema/context/spring-context.xsd">

       <context:annotation-config />
       <!-- 使用annotation 自动注册bean,并检查@Required,@Autowired的属性已被注入 -->
       <!--<context:component-scan base-package="com.lu.mobileafw.infra" />-->
       <!--<context:component-scan base-package="com.lufax.laf.user.dao" />-->

       <!--<bean id="configProperties" class="org.springframework.beans.factory.config.PropertiesFactoryBean">-->
              <!--<property name="locations">-->
                     <!--<list>-->
                            <!--<value>classpath*:mobile.default.properties</value>-->
                            <!--<value>classpath*:mobile.${envrun}.properties</value>-->
                     <!--</list>-->
              <!--</property>-->
       <!--</bean>-->
       <!--<bean id="propertyConfigurer" class="org.springframework.beans.factory.config.PreferencesPlaceholderConfigurer">-->
              <!--<property name="properties" ref="configProperties" />-->
       <!--</bean>-->

       <bean id="propertyConfigurer"   class="org.springframework.beans.factory.config.PropertyPlaceholderConfigurer">
              <property name="locations">
                     <list>
                            <value>classpath*:mobile.default.properties</value>
                            <value>classpath*:mobile.${envrun}.properties</value>
                     </list>
              </property>
       </bean>

       <bean id="mtestconf" class="com.lu.mobileafw.TestConf" />
       <bean id="testListener" class="com.lu.mobileafw.listener.LuTestListener" scope="singleton"/>

</beans>